"","Tube","Tree_ID","Stand","dbh_cm","t_height_m","trmt","Ntrmt","Ptrmt","dfromtop","scaled","mass_g","area_cm2","SLA","C","N","N_P","Al","B","Ca","Fe","K","Mg","Mn","P","S","Sr","Zn","s_Ca","s_K","s_Mg","s_Mn","s_Al","s_Zn","s_P","Put","Spd","Spm","Asp","Glu","Arg","Ala","GABA","Val","Ile","Leu","Lys","Pro","total_chl","Chl_A","Chl_B","Chl_R","carot","protein","moisture"
"1","1-101",249,"C8",49.5,24,"P treatment","noN","yesP",0,0,0.51,32.10961,62.96003,485.5701,15.6858,6.01069,0.02099,0.02441,7.62168,0.04181,11.49726,0.62446,1.6726,2.60965,1.85291,0.02187,0.0336,44.41825,78.51592,6.95748,9.00256,0.05827,0.06313,28.69383,35.10532,50.85256,43.73119,250.55166,234.80441,120.96289,400.70211,470.31093,55.5667,34.00201,55.8676,24.97492,132.2,1.3756,0.95573,0.41987,2.27623,0.32744,3.44358,0.578235294117647
"2","1-102",249,"C8",49.5,24,"P treatment","noN","yesP",-2,0.2,0.468,28.2064,60.27008,477.24652,17.73975,6.18039,0.02102,0.03292,9.73484,0.04317,12.01409,0.96061,1.29001,2.87033,1.99307,0.03652,0.03717,53.74574,70.46515,8.6378,6.01002,0.08094,0.13054,23.39127,15.87302,34.21517,13.40388,237.91887,215.07937,95.94356,408.73016,371.69312,53.26279,28.04233,67.37213,26.10229,113.58,2.27259,1.53131,0.74128,2.06577,0.37511,3.54082,0.578103448275862
"3","1-103",249,"C8",49.5,24,"P treatment","noN","yesP",-4,0.4,0.497,40.7096,81.91066,473.82382,17.33547,5.84752,0.01911,0.03429,10.43087,0.04184,12.27374,0.93718,1.40085,2.96458,1.89093,0.03531,0.0388,NA,NA,NA,NA,NA,NA,NA,NA,NA,NA,NA,NA,NA,NA,NA,NA,NA,NA,NA,NA,NA,NA,NA,NA,NA,NA,NA
"4","1-104",249,"C8",49.5,24,"P treatment","noN","yesP",-6,0.6,0.427,36.82573,86.24293,479.17287,17.86864,6.15365,0.0234,0.03543,10.00106,0.04451,12.06082,0.9393,1.37506,2.90375,1.79288,0.03709,0.0424,43.46636,64.4587,8.16411,5.3498,0.45117,0.05486,24.25065,14.25856,25.57034,11.88213,269.77186,271.19772,117.49049,468.63118,369.96198,49.42966,25.19011,72.24335,29.75285,102.19,3.02479,2.05161,0.97318,2.10815,0.521,3.33678,0.630166666666667
"5","1-105",249,"C8",49.5,24,"P treatment","noN","yesP",-8,0.8,0.521,45.3741,87.09041,479.47958,16.92492,6.28798,0.02166,0.03212,11.97828,0.04194,11.67035,1.08752,1.24262,2.69163,1.84219,0.0482,0.04098,65.1023,80.2118,11.13668,6.24861,0.07605,0.25439,27.87972,10.48218,23.89937,13.41719,218.65828,293.18658,208.1761,638.36478,575.78616,61.94969,29.87421,95.80713,32.59958,112.47,2.77097,1.87619,0.89479,2.09679,0.49877,3.30097,0.621428571428571
"6","1-106",249,"C8",49.5,24,"P treatment","noN","yesP",-10,1,0.547,66.85148,122.21477,473.6246,17.50375,5.3036,0.02602,0.03812,12.01325,0.04986,13.20635,0.98188,1.46184,3.30035,1.69521,0.04158,0.04301,67.47376,92.72989,11.97868,8.13795,0.05552,0.06883,33.41879,10,20.69767,17.2093,193.13953,413.02326,55.5814,621.27907,482.44186,66.39535,32.44186,101.97674,40.23256,101.05,3.67605,2.48351,1.19254,2.08254,0.55493,2.53411,0.63027397260274
"7","1-107",250,"C8",50.7,25,"Control","noN","noP",0,0,0.517,34.38703,66.51263,498.55461,15.92671,11.88664,0.01251,0.01717,8.30082,0.03667,9.25405,0.72997,0.70058,1.33988,1.42938,0.0334,0.03672,40.1752,57.04054,7.10535,3.5593,0.03922,0.10026,10.78132,27.52101,14.33824,15.33613,67.33193,98.26681,108.19328,283.61345,195.85084,33.61345,18.01471,57.03782,17.33193,101.21,1.78936,1.26346,0.5259,2.40248,0.36261,5.57617,0.585178571428571
"8","1-108",250,"C8",50.7,25,"Control","noN","noP",-2,0.25,0.566,53.99344,95.39477,493.89897,16.60051,13.49962,0.0119,0.01698,9.31487,0.03633,8.36178,0.77069,0.73475,1.2297,1.47103,0.03876,0.03471,43.8956,55.0871,7.31564,3.24248,NA,0.07961,9.35722,27.07736,20.05731,11.38968,109.24069,184.59885,77.50716,474.3553,252.07736,29.01146,12.82235,24.7851,21.20344,80.23,2.67601,1.87133,0.80468,2.32555,0.44751,4.74798,0.644137931034483
"9","1-109",250,"C8",50.7,25,"Control","noN","noP",-4,0.5,0.499,60.38698,121.01598,484.65369,19.00954,10.43541,0.014,0.02058,9.01424,0.04718,11.54304,0.87612,1.03729,1.82164,1.75709,0.03664,0.04281,45.64805,66.88281,9.28828,4.82363,0.0567,0.13774,13.76372,18.93305,19.76987,17.46862,187.23849,332.74059,77.92887,578.87029,202.82427,38.38912,17.46862,37.4477,40.79498,90.17,3.30299,2.28828,1.01471,2.25511,0.54794,3.12375,0.6575
"10","1-110",250,"C8",50.7,25,"Control","noN","noP",-6,0.75,0.526,68.29019,129.82925,478.31549,17.58951,12.58238,0.01444,0.02283,12.96189,0.04668,10.8959,1.16304,1.15616,1.39795,1.655,0.05943,0.04278,59.92546,55.93971,11.15428,4.84841,0.08437,0.06993,8.81851,11.26886,14.01952,11.71251,157.05413,264.06389,98.31411,449.95563,121.56167,21.73913,9.58296,24.04614,17.56877,56.7,3.18364,2.20279,0.98085,2.2458,0.53708,2.82051,0.658295454545455
"11","1-111",250,"C8",50.7,25,"Control","noN","noP",-8,1,0.584,78.87081,135.05276,473.85456,17.54296,12.7852,0.01629,0.02463,16.49969,0.04453,13.57741,1.31334,1.03929,1.37213,1.80457,0.07036,0.05356,71.5023,65.13358,11.64669,4.10695,0.00141,0.09996,7.25752,1.25833,9.03035,11.62102,143.0792,267.80163,78.23834,422.64989,122.05774,24.50037,11.47298,33.23464,25.3886,54.26,3.24209,2.22803,1.01406,2.19715,0.48621,2.74,0.673505154639175
"12","1-112",30,"C8",40.8,23,"N treatment","yesN","noP",0,0,0.452,25.88382,57.26509,497.72366,17.45587,13.61199,0.03241,0.02244,4.88511,0.06086,8.47672,0.75809,1.69115,1.28239,1.04559,0.01884,0.01927,26.71133,59.41447,7.29263,7.07296,0.14372,0.01583,9.1,57.24907,33.45725,14.18835,146.90211,233.51921,111.95787,479.24411,450.30979,38.9715,34.57249,55.63817,14.74597,121.69,1.9776,1.39562,0.58198,2.39805,0.39843,6.18236,0.622916666666667
"13","1-113",30,"C8",40.8,23,"N treatment","yesN","noP",-2,0.333333333,0.499,49.93538,100.07091,492.30186,17.43963,12.44705,0.02781,0.02486,6.1329,0.04926,9.82042,0.65725,2.45637,1.40111,1.00145,0.02275,0.02456,23.73637,50.67915,4.29313,8.99511,0.14562,NA,8.12187,60.01609,91.47224,8.84956,199.5173,298.39099,63.31456,657.28077,757.76348,144.89139,125.66372,216.97506,80.69187,235.8,3.23698,2.22721,1.00977,2.20565,0.61045,4.75681,0.620185185185185
"14","1-114",30,"C8",40.8,23,"N treatment","yesN","noP",-4,0.666666667,0.542,60.86439,112.29593,491.94035,15.29503,13.01903,0.022,0.02216,6.49622,0.04035,7.84936,0.65281,2.86025,1.17482,0.86069,0.01986,0.01917,57.44471,85.14956,8.86287,20.62028,0.23922,0.03472,13.23662,80.81818,56.27273,16.45455,221.90909,364.72727,144.90909,610,679.90909,28.45455,16.63636,25.63636,13.45455,150,2.59608,1.81654,0.77954,2.33026,0.50266,5.0969,0.6276
"15","1-115",30,"C8",40.8,23,"N treatment","yesN","noP",-6,1,0.551,67.68374,122.838,487.61434,18.86289,11.69302,0.02579,0.02953,6.40779,0.04944,9.52985,0.8562,2.36877,1.61318,1.07288,0.02461,0.02379,NA,NA,NA,NA,NA,NA,NA,NA,NA,NA,NA,NA,NA,NA,NA,NA,NA,NA,NA,NA,NA,NA,NA,NA,NA,NA,NA
"16","1-116",928,"C8",52.9,25,"N+P treatment","yesN","yesP",0,0,0.486,37.13541,76.41031,498.5437,21.51466,13.454,0.03002,0.02656,5.01412,0.06975,11.92546,0.46248,2.36214,1.59913,1.29113,0.00913,0.01667,20.55054,67.73072,4.49351,8.91708,0.11343,0.02382,9.71149,115.99582,63.98327,9.20021,171.61526,275.90173,290.22478,558.9127,822.32096,141.29639,133.8735,99.73863,28.75065,3184.11,1.40374,1.03695,0.36679,2.82711,0.34964,4.70703,0.577111111111111
"17","1-117",928,"C8",52.9,25,"N+P treatment","yesN","yesP",-2,0.25,0.445,33.06445,74.30213,496.40268,25.8009,14.35232,0.03473,0.02994,4.88593,0.07454,11.89694,0.5522,1.93099,1.79768,1.38621,0.01069,0.01567,23.71666,69.69678,6.72453,8.4684,0.13194,NA,13.46765,125.39903,92.92158,16.7245,217.62665,428.38307,180.84663,721.79042,788.61901,126.50937,121.79042,105.6211,26.43997,1663.91,2.34116,1.6758,0.66535,2.51868,0.46535,3.57724,0.588717948717949
"18","1-118",928,"C8",52.9,25,"N+P treatment","yesN","yesP",-4,0.5,0.432,37.98702,87.93292,490.0974,24.36198,12.13545,0.02873,0.04065,8.32404,0.06024,9.04732,0.99615,3.47422,2.0075,1.44649,0.01713,0.02178,43.05003,52.84417,10.85532,16.70125,0.11121,0.03383,13.68278,33.24503,33.24503,17.61589,203.70861,331.98676,232.98013,658.74172,535.76159,26.55629,15.49669,24.23841,16.15894,89.67,3.42067,2.37233,1.04834,2.26293,0.53442,4.20945,0.613461538461539
"19","1-119",928,"C8",52.9,25,"N+P treatment","yesN","yesP",-6,0.75,0.415,41.42572,99.82102,486.55585,25.89786,13.76548,0.02992,0.04164,11.03932,0.06295,8.54757,1.34757,4.02965,1.88136,1.49538,0.02592,0.03547,37.46539,39.13329,10.01894,13.03162,0.11549,NA,9.97622,22.29299,19.74522,18.19836,114.92266,291.44677,65.05914,427.93449,248.13467,17.7434,6.55141,19.38126,9.19017,67.52,4.22349,2.93687,1.28662,2.28263,0.59443,3.09249,0.634736842105263
"20","1-120",928,"C8",52.9,25,"N+P treatment","yesN","yesP",-8,1,0.416,38.47089,92.4781,482.22745,26.84389,9.45613,0.03583,0.05508,12.1581,0.07562,10.72622,1.64266,3.98118,2.83878,1.72086,0.0284,0.04031,39.08591,50.28666,12.3112,13.22606,0.1259,0.01805,17.01552,24.36392,23.51581,28.06476,159.52197,379.41403,149.88435,454.51041,191.75019,13.64688,3.77795,10.56284,5.85968,63.15,4.01212,2.74588,1.26624,2.16854,0.58063,3.0396,0.655285714285714
"21","1-121",480,"C7",59.3,24,"Control","noN","noP",0,0,0.544,26.23866,48.23283,504.75226,15.17824,14.86717,0.02185,0.0335,3.94359,0.04901,8.24929,0.30584,1.3359,1.02092,1.30082,0.00693,0.01523,21.50451,65.78585,3.44177,6.80854,0.06594,0.01869,7.73587,160.54987,31.96931,35.61381,55.30691,95.39642,111.57289,222.05882,281.39386,16.24041,6.84143,318.79795,11.50895,78.58,1.19646,0.86237,0.33409,2.58125,0.3148,6.84615,0.543518518518519
"22","1-122",480,"C7",59.3,24,"Control","noN","noP",-2,0.166666667,0.536,33.44509,62.39756,500.17178,16.2192,16.65286,0.02091,0.03393,4.36187,0.05027,8.52201,0.35322,1.30688,0.97396,1.32655,0.00856,0.01619,19.71016,59.38438,3.43772,5.43908,0.07587,0.09706,6.81011,85.26703,26.7035,13.13689,86.55617,151.19705,161.81707,273.54205,379.68079,25.59853,13.87354,80.23327,21.8539,84.41,1.53484,1.08658,0.44826,2.42396,0.33731,5.93023,0.555945945945946
"23","1-123",480,"C7",59.3,24,"Control","noN","noP",-4,0.333333333,0.518,29.54188,57.03065,500.95731,16.11683,17.11157,0.01657,0.02785,4.62704,0.04385,7.77893,0.34204,1.3153,0.94187,1.22015,0.00987,0.01783,19.02975,51.22156,2.89677,5.03356,0.02499,0.00219,5.78911,114.48783,25.86304,10.07357,47.82117,99.54726,93.37861,232.71081,239.44539,15.16695,10.41313,53.36729,9.28127,71.59,1.79395,1.24797,0.54599,2.28571,0.36027,5.91699,0.555348837209302
"24","1-124",480,"C7",59.3,24,"Control","noN","noP",-6,0.5,0.564,40.96766,72.6377,495.38343,14.30989,17.86503,0.015,0.026,4.668,0.037,7.839,0.282,1.488,0.801,1.267,0.012,0.017,21.43759,51.96569,2.68568,6.17519,0.03803,0.04209,5.79583,136.99562,35.53719,14.73019,42.24599,71.85221,77.78318,192.65921,303.6947,21.77929,25.81429,138.98882,7.48663,348.91,1.10215,0.77642,0.32573,2.3836,0.31826,5.82505,0.510980392156863
"25","1-125",480,"C7",59.3,24,"Control","noN","noP",-8,0.666666667,0.538,47.41926,88.13989,489.01081,15.59088,16.44052,0.01381,0.03219,6.68404,0.0366,8.68235,0.48903,2.36968,0.94832,1.24135,0.01527,0.02607,26.71192,47.85711,4.5846,9.07422,0.04747,0.04766,5.72677,38.44635,24.42396,7.17577,64.12113,153.85122,154.31205,349.11126,350.09875,27.97893,18.16985,32.65306,22.05398,75.91,2.21324,1.50152,0.71173,2.10969,0.41061,5.30426,0.573265306122449
"26","1-126",480,"C7",59.3,24,"Control","noN","noP",-10,0.833333333,0.549,55.52892,101.14558,488.89025,16.24909,24.26886,0.0126,0.02311,3.99362,0.03388,6.59922,0.37794,0.94428,0.66954,1.05494,0.00954,0.01468,29.32378,60.37354,5.99908,5.51154,0.12738,0.02997,6.50766,32.38994,18.74214,8.61635,81.50943,176.85535,171.57233,385.15723,304.40252,26.41509,15.4717,24.33962,20.18868,67.36,1.97992,1.39377,0.58614,2.37787,0.3972,5.2729,0.560243902439024
"27","1-127",480,"C7",59.3,24,"Control","noN","noP",-12,1,0.475,49.24506,103.67382,487.25301,16.79969,16.55778,0.0174,0.03466,7.18647,0.03613,8.5021,0.52582,1.52606,1.01461,1.43028,0.01851,0.02045,35.88857,55.43946,4.99951,6.78571,0.08482,0.00517,7.01445,40.75,33.8125,8.1875,101.375,195.875,148.375,408.875,342.1875,31.0625,20.5625,30.9375,24.4375,65.19,3.81283,2.65634,1.15649,2.2969,0.63791,4.20898,NA
"28","1-128",571,"C7",64.5,24,"P treatment","noN","yesP",0,0,0.512,27.50317,53.71713,498.40431,11.81172,9.01859,0.02099,0.0268,5.37183,0.0334,8.93189,0.54356,1.86314,1.30971,1.26381,0.012,0.02264,25.85402,64.10219,6.11816,9.60878,0.05656,0.01733,11.85467,16.50033,18.16367,13.04059,50.0998,139.58749,249.9002,274.4511,128.21025,22.68796,11.44378,204.25815,16.833,71.59,0.9474,0.70984,0.23756,2.98802,0.30609,6.12033,0.582564102564103
"29","1-129",571,"C7",64.5,24,"P treatment","noN","yesP",-2,0.333333333,0.447,30.92897,69.19233,490.86504,13.14252,6.7951,0.02145,0.02673,6.43228,0.03812,10.10795,0.78216,2.07382,1.93412,1.42593,0.01445,0.02877,24.05104,60.96191,6.36569,7.90913,0.0547,0.02804,13.32114,7.82609,13.4058,6.37681,38.04348,137.3913,67.31884,214.92754,100.14493,13.18841,5.43478,13.11594,9.2029,50.94,1.16937,0.85674,0.31263,2.74042,0.31029,4.76879,0.575555555555555
"30","1-130",571,"C7",64.5,24,"P treatment","noN","yesP",-4,0.666666667,0.444,30.28381,68.20678,492.41025,13.4539,7.74904,0.01957,0.03071,7.28095,0.03374,9.0721,0.6726,2.40634,1.7362,1.33242,0.01667,0.02579,32.08266,60.77778,6.2054,10.695,0.05941,0.01603,13.88075,5.93272,14.80122,6.36086,58.89908,164.52599,107.03364,275.65749,140.30581,28.68502,18.83792,35.41284,16.33028,79.2,1.20354,0.88801,0.31553,2.81433,0.34433,4.53649,0.608125
"31","1-131",571,"C7",64.5,24,"P treatment","noN","yesP",-6,1,0.407,24.98705,61.39324,489.54613,13.38091,7.82162,0.01872,0.03287,7.57614,0.03631,8.52848,0.82718,2.50422,1.71076,1.31415,0.01719,0.02562,38.06393,46.36106,8.03965,8.76017,0.07056,0.03889,11.47384,9.99194,20.70911,8.21918,48.26753,152.8606,159.30701,270.50766,89.20226,21.35375,9.42788,14.90733,13.05399,54.23,1.93547,1.37267,0.5628,2.43903,0.44377,4.33071,0.589574468085106
"32","1-132",1297,"C7",49.3,20,"N+P treatment","yesN","yesP",0,0,0.553,42.12895,76.18255,498.1303,17.72752,12.30713,0.02326,0.02672,6.31167,0.04073,8.2917,0.53327,2.3681,1.44043,0.98302,0.01647,0.01684,30.099,53.06375,4.68405,9.65969,0.10655,0.0164,10.97158,97.91438,38.80351,17.78266,96.87157,209.11087,3692.86498,325.74094,398.84742,47.69484,34.35785,78.70472,161.80022,170.42,2.59571,1.82847,0.76724,2.38316,0.50525,5.34,0.576666666666667
"33","1-133",1297,"C7",49.3,20,"N+P treatment","yesN","yesP",-2,0.5,0.674,80.57403,119.54604,488.78064,17.30782,12.99343,0.01865,0.04609,7.65407,0.04488,7.89782,0.83963,3.05297,1.33204,1.01564,0.01954,0.02858,34.517,51.17381,7.75745,13.3754,0.13972,0.08835,10.03883,50.4065,35.27205,8.38024,131.39462,258.28643,631.08193,461.03815,430.26892,36.71044,20.76298,49.21826,42.77674,102.38,3.67342,2.52495,1.14847,2.19854,0.59233,4.83168,0.622465753424658
"34","1-134",1297,"C7",49.3,20,"N+P treatment","yesN","yesP",-4,1,0.49,53.45151,109.08471,491.90245,19.05286,10.5138,0.0217,0.0449,7.90598,0.05104,11.3927,0.62144,3.57366,1.81218,1.20045,0.0174,0.04021,32.44002,51.13019,5.44694,13.31693,0.07278,0.06341,11.0036,71.40221,52.39852,11.80812,103.87454,256.08856,232.10332,367.15867,367.89668,29.05904,10.60886,31.64207,24.16974,110.24,3.61293,2.54816,1.06477,2.39315,0.62639,3.95146,0.614214876033058
"35","1-135",609,"C7",42.6,20,"N treatment","yesN","noP",0,0,0.47,34.32251,73.02662,493.11434,18.34353,14.03782,0.03671,0.02553,7.89981,0.06907,9.82227,1.11233,2.56723,1.30672,1.33904,0.01907,0.03248,39.87835,60.54522,11.45286,11.75121,0.19397,0.04558,9.39292,30.75949,26.51899,10.31646,143.16456,303.16456,148.73418,575.56962,480.44304,70.75949,45.94937,111.77215,44.11392,132.22,3.79886,2.6401,1.15876,2.27838,0.52501,4.56478,0.603030303030303
"36","1-136",609,"C7",42.6,20,"N treatment","yesN","noP",-2,0.333333333,0.492,44.44507,90.33551,481.53179,19.70267,17.75089,0.02805,0.02281,7.86434,0.05581,9.41553,1.12861,2.26894,1.10995,1.12465,0.01991,0.03507,35.42357,48.9348,10.15033,9.32163,0.14372,0.04997,7.41011,27.19503,23.77622,10.17871,143.35664,317.48252,145.76535,427.03963,356.48796,36.98524,18.57032,66.74437,25.56333,85.7,4.48639,3.13248,1.35391,2.31365,0.67903,4.54,0.635897435897436
"37","1-137",609,"C7",42.6,20,"N treatment","yesN","noP",-4,0.666666667,0.455,47.42571,104.23233,485.68655,17.88594,16.39403,0.03054,0.01913,9.03242,0.06287,9.43569,1.20604,2.15104,1.091,1.25287,0.0237,0.03395,34.98464,49.78814,11.80147,7.80929,0.04852,0.06021,6.47924,20.8194,19.31438,8.52843,91.13712,227.34114,29.1806,410.45151,260.86957,24.24749,12.62542,80.85284,12.45819,66.47,4.44005,3.1269,1.31314,2.38124,0.68532,3.77551,0.623488372093023
"38","1-138",609,"C7",42.6,20,"N treatment","yesN","noP",-6,1,0.49,60.74181,123.96289,484.84251,21.57073,20.47638,0.02799,0.01559,7.48424,0.05724,14.44739,0.97137,1.46082,1.05344,1.56387,0.0188,0.03608,29.14256,79.56802,9.52268,5.35101,0.05961,0.04713,6.11885,17.12828,22.59475,10.78717,113.99417,271.2828,206.85131,549.63557,279.66472,31.19534,19.53353,204.51895,19.02332,70.48,4.1828,2.7403,1.4425,1.89968,0.50276,4.40329,0.64375
"39","1-139",79,"C9",55.7,25,"Control","noN","noP",0,0,0.566,40.80637,72.09606,516.51247,18.47843,19.96523,0.01863,0.02888,3.62749,0.04237,8.55584,0.34561,0.86462,0.92553,1.22508,0.00988,0.02004,19.80936,60.48738,3.61951,4.22406,0.03516,0.0724,6.72966,216.91414,27.63073,11.74952,57.97289,100.38735,107.4887,197.61136,197.80504,18.78631,18.46352,136.34603,1.42027,125.89,2.05349,1.45685,0.59664,2.44177,0.45195,6.62863,0.571914893617021
"40","1-140",79,"C9",55.7,25,"Control","noN","noP",-2,0.25,0.446,32.19348,72.1827,493.86653,17.3192,22.88777,0.02554,0.02683,6.29585,0.04638,10.2366,0.44088,2.17441,0.7567,1.70354,0.01332,0.0309,29.17106,71.17896,4.02763,9.91858,0.09566,0.03221,4.88068,93.5846,52.36568,7.37771,60.46512,161.10666,117.0008,221.97273,273.05533,14.59503,27.26544,41.78027,17.48196,115.64,2.41775,1.66298,0.75476,2.20331,0.48327,4.28431,0.571538461538462
"41","1-141",79,"C9",55.7,25,"Control","noN","noP",-4,0.5,0.48,39.12895,81.51865,495.23663,18.91811,18.75288,0.02412,0.03114,5.6627,0.04408,9.29014,0.51585,1.48153,1.00881,1.41011,0.01632,0.03052,26.54447,60.36352,4.93194,6.99848,0.08614,0.05532,6.93281,125.96026,48.1457,7.01987,92.38411,200,63.44371,339.93377,338.47682,51.5894,39.2053,75.43046,25.96026,151.26,3.22613,2.26664,0.95949,2.36233,0.62955,4.50405,0.612909090909091
"42","1-142",79,"C9",55.7,25,"Control","noN","noP",-6,0.75,0.484,44.21927,91.36212,492.98924,18.14567,18.81013,0.02498,0.03026,7.54096,0.04867,9.77042,0.67836,2.05606,0.96468,1.48793,0.01958,0.03577,39.69127,64.57487,7.5801,11.15045,0.09366,0.07326,6.96026,22.78383,20.06221,9.95334,104.43235,268.42924,132.03733,351.16641,156.76516,31.41524,18.27372,32.27061,23.48367,99.84,3.31045,2.30606,1.0044,2.29597,0.62438,4.09357,0.594642857142857
"43","1-143",79,"C9",55.7,25,"Control","noN","noP",-8,1,0.446,46.70313,104.71554,493.34215,19.56293,18.27626,0.02036,0.03767,5.64056,0.04377,10.52469,0.68547,1.03221,1.0704,1.4561,0.0181,0.03201,33.24306,70.02075,8.31559,4.71215,NA,0.17519,7.69213,28.4476,17.65169,9.92908,59.73207,183.92435,75.57132,333.72734,180.77226,20.33097,12.92356,25.1379,11.74153,89.91,3.81508,2.67115,1.14394,2.33505,0.70014,4.9711,0.623913043478261
"44","1-144",168,"C9",53.8,22,"N+P treatment","yesN","yesP",0,0,0.54,40.61282,75.20893,503.64685,23.78786,17.91288,0.02646,0.04087,5.62098,0.05272,8.10076,0.7127,1.39815,1.32798,1.32594,0.01682,0.02285,23.7925,54.07135,6.06437,5.85873,0.13171,0.12649,8.9512,148.45972,31.45735,5.33175,70.08294,168.66114,541.70616,578.13981,466.0545,49.82227,38.50711,100.17773,33.82701,404.74,1.85048,1.35907,0.49141,2.76566,0.4348,6.18526,0.565098039215686
"45","1-145",168,"C9",53.8,22,"N+P treatment","yesN","yesP",-2,0.2,0.465,38.63863,83.09383,495.83528,22.33145,13.87878,0.02809,0.05408,8.41323,0.05367,7.38698,1.03868,2.22975,1.60904,1.40106,0.02508,0.02978,36.53409,42.86244,8.23612,8.51241,0.09121,0.03777,10.00665,66.00817,39.0327,11.44414,102.17984,241.21253,152.52044,529.01907,339.7139,37.87466,29.35967,48.09264,21.52589,115.87,3.46336,2.48617,0.97719,2.5442,0.67155,5.25243,0.577380952380952
"46","1-146",168,"C9",53.8,22,"N+P treatment","yesN","yesP",-4,0.4,0.428,36.16122,84.48883,491.83353,20.46144,16.14952,0.023,0.05,7.325,0.047,7.172,0.919,2.132,1.267,1.33,0.022,0.029,40.7511,32.72587,8.54199,8.65337,0.07022,0.06301,7.70958,49.68847,35.82555,13.47352,44.4704,163.78505,58.64486,393.61371,193.76947,25.15576,15.10903,24.92212,30.14019,85.67,3.99164,2.90864,1.083,2.68573,0.74604,4.40828,0.592
"47","1-147",168,"C9",53.8,22,"N+P treatment","yesN","yesP",-6,0.6,0.425,46.55475,109.54058,493.74722,26.77852,18.2568,0.03154,0.04996,7.36705,0.07714,9.30984,1.07878,1.61981,1.46677,1.66663,0.02149,0.0294,25.64453,35.53833,7.83531,4.89826,0.03898,0.02013,5.71932,45.36489,25.14793,14.99014,91.91321,203.84615,26.42998,476.33136,191.22288,23.17554,15.08876,80.86785,28.50099,82.25,4.21298,2.97041,1.24257,2.39054,0.66833,4.25,0.613372093023256
"48","1-148",168,"C9",53.8,22,"N+P treatment","yesN","yesP",-8,0.8,0.464,59.05795,127.28006,492.79369,26.75397,18.37014,0.03201,0.04936,8.25191,0.07621,8.95833,1.22282,1.69929,1.45638,1.73033,0.02425,0.03717,32.07763,39.6617,9.91096,6.18773,0.09355,0.03808,6.93207,54.95669,30.02887,16.55438,119.82676,277.57459,99.71126,592.01155,244.08085,26.27526,17.99808,105.10106,36.76612,86.33,4.02784,2.82784,1.2,2.35654,0.60606,4.09543,0.636938775510204
"49","1-149",168,"C9",53.8,22,"N+P treatment","yesN","yesP",-10,1,0.414,48.27087,116.59631,493.73752,24.42709,16.73861,0.02585,0.04704,8.09106,0.0571,8.46799,1.21072,1.8081,1.45933,1.43174,0.02458,0.03837,30.65986,30.91269,9.80608,6.4992,0.02855,0.05441,6.1829,41.62936,24.44047,15.12981,96.41898,247.26947,55.86392,480.48344,173.6795,26.76813,17.81558,70.81468,46.01611,77.26,4.70238,3.30483,1.39755,2.36474,0.76588,3.44444,0.620769230769231
"50","1-150",320,"C9",44,24,"N treatment","yesN","noP",0,0,0.552,31.10962,56.358,501.55256,23.30157,23.18617,0.02337,0.02535,5.34895,0.06474,6.74809,0.56995,1.8638,1.00498,1.22092,0.01526,0.0175,32.36757,62.47848,5.06633,10.17388,0.11348,0.05021,8.36792,108.0292,30.36496,5.69343,43.74696,112.45742,1414.06326,390.26764,365.9854,26.76399,30.85158,91.58151,65.20681,208.32,1.93244,1.39306,0.53938,2.58272,0.46003,5.70994,0.558421052631579
"51","1-151",320,"C9",44,24,"N treatment","yesN","noP",-2,0.2,0.523,36.78057,70.32614,492.18176,25.34523,22.17364,0.02636,0.03402,6.74401,0.06497,6.97791,1.02383,2.59297,1.14303,1.41313,0.01789,0.0252,34.029,46.55112,9.13047,12.19079,0.09191,0.03673,7.72479,53.94582,34.86455,8.95171,98.93993,217.02002,471.02474,448.05654,347.93875,40.51826,34.04005,55.59482,41.16608,96.11,2.86547,2.00418,0.86129,2.32697,0.49884,4.45098,0.554146341463415
"52","1-152",320,"C9",44,24,"N treatment","yesN","noP",-4,0.4,0.49,37.21283,75.94455,491.11549,23.56096,22.21196,0.02281,0.03218,8.2224,0.06129,5.82814,1.07623,2.77674,1.06073,1.41756,0.02494,0.02794,51.10222,42.11635,11.64815,14.95049,0.07542,0.06739,7.63746,49.23513,28.55524,6.17564,68.2153,182.60623,340.50992,404.98584,402.03966,24.41926,17.45042,30.5949,24.02266,85.5,3.55314,2.50263,1.05051,2.38231,0.62188,4.43434,0.583148148148148
"53","1-153",320,"C9",44,24,"N treatment","yesN","noP",-6,0.6,0.429,33.14187,77.25377,485.20344,24.28516,22.27734,0.02514,0.03571,10.01316,0.06781,5.93414,1.40049,2.97232,1.09013,1.49875,0.03088,0.03798,49.78254,36.03644,12.15245,13.73608,0.06956,0.05359,6.85988,57.55725,32.59542,10.38168,74.96183,182.1374,91.29771,378.70229,294.35115,15.9542,10.45802,20.38168,8.39695,61.37,3.93655,2.7523,1.18425,2.32409,0.63613,4.09002,0.588571428571429
"54","1-154",320,"C9",44,24,"N treatment","yesN","noP",-8,0.8,0.465,45.7571,98.40237,487.45514,25.09579,23.06971,0.02957,0.03564,10.2221,0.07665,5.83699,1.48923,2.9354,1.08782,1.62961,0.03195,0.03805,44.25501,29.44895,11.77922,11.75813,0.05734,0.05297,5.70149,40.6326,27.81833,12.24655,111.84104,233.81995,202.7575,408.59692,296.26926,20.76237,12.48986,24.08759,19.95134,64.64,4.57171,3.2149,1.35681,2.36944,0.749,3.66,0.608648648648649
"55","1-155",320,"C9",44,24,"N treatment","yesN","noP",-10,1,0.464,52.66441,113.50089,485.55738,22.7221,21.28129,0.02427,0.03303,9.81189,0.06921,6.531,1.38055,2.73153,1.0677,1.51018,0.03069,0.0451,32.63658,24.24506,10.04769,8.63661,0.023,0.06266,4.41327,49.89369,21.75762,11.69383,62.79235,155.27994,94.25939,286.18001,116.3005,15.94614,7.72502,23.95464,18.85188,46.63,4.54822,3.03241,1.51581,2.00052,0.53376,3.23108,0.608275862068966
"56","1-156",128,"C9",59.8,23,"P treatment","noN","yesP",0,0,0.643,40.86443,63.55278,504.64848,17.32165,11.23147,0.01809,0.03385,3.63259,0.03709,10.78489,0.28186,1.11621,1.54224,1.37894,0.00883,0.02471,17.36644,73.37047,2.73702,5.00019,0.06672,0.03545,10.88883,196.16537,40.86279,2.03715,78.60995,108.86759,160.33553,238.16657,305.99161,24.86519,49.25105,83.46315,3.41522,650.63,1.27196,0.93608,0.33588,2.78694,0.35177,5.29046,0.586875
"57","1-157",128,"C9",59.8,23,"P treatment","noN","yesP",-2,0.25,0.582,42.12895,72.38651,502.95715,19.37524,11.54971,0.01889,0.0346,3.80884,0.04314,10.73738,0.34195,1.18116,1.67755,1.55393,0.00977,0.02317,19.37537,77.60804,3.29175,5.50094,0.09579,0.06603,13.00187,263.40206,55.61283,3.20733,128.98053,241.63803,424.79954,396.90722,581.04238,52.34822,71.70676,88.77434,12.37113,953.49,1.31428,0.95168,0.36261,2.62455,0.3566,5.56452,0.575531914893617
"58","1-158",128,"C9",59.8,23,"P treatment","noN","yesP",-4,0.5,0.546,50.06442,91.69307,486.44294,17.6754,10.38486,0.02293,0.04821,8.41037,0.03919,9.27514,0.55224,2.08004,1.70204,1.579,0.02094,0.03401,39.20336,62.99505,5.06899,9.39164,0.10964,0.09152,11.44142,60.96544,61.79976,8.16448,100.83433,255.89988,108.58164,352.97974,533.96901,25.56615,23.77831,27.94994,11.44219,136.17,2.86659,2.04777,0.81882,2.50087,0.54181,3.9604,0.5952
"59","1-159",128,"C9",59.8,23,"P treatment","noN","yesP",-6,0.75,0.533,50.98699,95.6604,493.5224,24.4033,15.25617,0.02228,0.03578,4.91562,0.04841,11.95974,0.64113,1.32989,1.59957,1.82705,0.01329,0.03634,18.46881,68.97484,5.92292,4.95803,0.05804,0.08805,9.74472,155.89661,82.06785,8.15832,118.57835,287.64136,112.52019,410.58158,534.24879,31.42165,49.83845,43.78029,11.06624,269.47,2.79069,1.95436,0.83633,2.33685,0.50521,4.24951,0.596607142857143
"60","1-160",128,"C9",59.8,23,"P treatment","noN","yesP",-8,1,0.477,57.8515,121.28196,480.58649,22.02243,12.95143,0.02238,0.06246,8.3732,0.05011,12.60701,0.9836,2.31165,1.70039,1.89371,0.02046,0.04116,26.38444,42.29341,6.7947,7.08876,0.04303,0.06221,6.53431,12.5,15.41005,14.02116,123.47884,302.97619,443.25397,278.04233,207.07672,11.57407,8.7963,20.17196,14.48413,55.69,3.93839,2.78297,1.15542,2.40863,0.62524,2.92261,0.623493975903614
